"Period","Sensitivity","Specificity"
"Observed",0.673963615475118,0.950062157314286
"Forecast",0.886389570844325,0.941314182926749
"Overall",0.823522543994262,0.946606015408875
